﻿<?xml version="1.0" encoding="utf-8"?>
<sales>
  <sale vendor="Becks">
    <summary date="20-Jul-2013" total-sum="48.0000" />
    <summary date="21-Jul-2013" total-sum="51.6000" />
    <summary date="21-Jul-2013" total-sum="78.7500" />
    <summary date="22-Jul-2013" total-sum="21.6000" />
    <summary date="22-Jul-2013" total-sum="63.0000" />
  </sale>
  <sale vendor="Milka">
    <summary date="20-Jul-2013" total-sum="34.8000" />
    <summary date="20-Jul-2013" total-sum="19.9500" />
    <summary date="21-Jul-2013" total-sum="26.1000" />
    <summary date="21-Jul-2013" total-sum="14.2500" />
    <summary date="22-Jul-2013" total-sum="40.6000" />
  </sale>
  <sale vendor="Targovishte Bottling Company Ltd.">
    <summary date="20-Jul-2013" total-sum="119.0000" />
    <summary date="20-Jul-2013" total-sum="31.2000" />
    <summary date="21-Jul-2013" total-sum="170.0000" />
    <summary date="21-Jul-2013" total-sum="515.9000" />
    <summary date="21-Jul-2013" total-sum="23.4000" />
    <summary date="22-Jul-2013" total-sum="204.0000" />
    <summary date="22-Jul-2013" total-sum="92.4000" />
  </sale>
  <sale vendor="Zagorka Corp.">
    <summary date="20-Jul-2013" total-sum="37.0000" />
    <summary date="20-Jul-2013" total-sum="59.8000" />
    <summary date="21-Jul-2013" total-sum="11.0000" />
    <summary date="21-Jul-2013" total-sum="71.7600" />
    <summary date="21-Jul-2013" total-sum="128.4800" />
    <summary date="22-Jul-2013" total-sum="16.0000" />
    <summary date="22-Jul-2013" total-sum="82.8000" />
    <summary date="22-Jul-2013" total-sum="202.4000" />
  </sale>
</sales>